sub	key	English	French	Italian	German	Spanish	Russian	Polish	Japanese	Brazilian-Portuguese	Neutral-Spanish	French-Canadian	Korean	Chinese-Simple	Chinese-Traditional
Presence	Presence_Presence_GAMEMODESINGLEPLAYER	Single Player:	Joueur solo :	Giocatore singolo:	Einzelspieler:	Un jugador:	Одиночная:	Gra jednoosobowa:	シングルプレイ：	Um jogador:	Un jugador:	Joueur solo :	싱글 플레이어 : 	单人游戏：	單人遊戲：
Presence	Presence_Presence_GAMEMODECAREER	Career mode:	Mode Carrière :	Modalità carriera:	Karriere-Modus:	Modo Trayectoria:	Режим карьеры:	Tryb kariery:	キャリアモード：	Modo Carreira:	Modo Trayectoria:	Mode Carrière :	커리어 모드 : 	生涯模式：	生涯模式：
Presence	Presence_Presence_DLC	DLC	Extensions	Componenti aggiuntivi	Add-ons	Contenido descargable	Дополнения	Dodatki	DLC	DLC	Contenido descargable	Extensions	DLC	追加内容	追加內容
Presence	Presence_Presence_STDMESSAGE	[GAMEMODE][STDMESSAGE]	[GAMEMODE][STDMESSAGE]	[GAMEMODE][STDMESSAGE]	[GAMEMODE][STDMESSAGE]	[GAMEMODE][STDMESSAGE]	[GAMEMODE][STDMESSAGE]	[GAMEMODE][STDMESSAGE]	[GAMEMODE][STDMESSAGE]	[GAMEMODE][STDMESSAGE]	[GAMEMODE][STDMESSAGE]	[GAMEMODE][STDMESSAGE]	[GAMEMODE][STDMESSAGE]	[GAMEMODE][STDMESSAGE]	[GAMEMODE][STDMESSAGE]
Presence	Presence_Presence_STDMESSAGETOMENUS	Returning to Race Central	Retourne au centres de courses	Di ritorno al Centro gare	Kehrt zur Rennzentrale zurück	Volviendo a la central de carreras	Переход в центр автоспорта	Powrót do centrali wyścigów	レース・セントラルに戻ります	Voltando para a Central da Corrida	Regresando a la Central de carreras	Retourne au Centre de courses	레이스 센트럴로 귀환 중	返回赛事中心	返回賽事中心
Presence	Presence_Presence_STDMESSAGETOLOBBY	Returning to lobby	Retourne au salon	Di ritorno alla sala d'attesa	Kehrt zur Lobby zurück	Volviendo a la sala	Возвращение в лобби	Powrót do Poczekalni	ロビーに戻ります	Retornando ao Lobby	Volviendo a la sala	Retourne au salon	로비로 귀환 중	返回大厅	返回大廳
Presence	Presence_Presence_STDMESSAGEFINISHED	Finished!	Terminé !	Al traguardo!	Im Ziel!	¡Carrera terminada!	Финиш!	Ukończono!	ゴール！	Terminado!	¡Terminado!	Terminé!	완료!	完成比赛！	完成比賽！
Presence	Presence_Presence_DYNAMICACTIVITYTRACK	[GAMEMODE][ACTIVITY] [TRACK_NAME]	[GAMEMODE][ACTIVITY] [TRACK_NAME]	[GAMEMODE][ACTIVITY] [TRACK_NAME]	[GAMEMODE][ACTIVITY] [TRACK_NAME]	[GAMEMODE][ACTIVITY] [TRACK_NAME]	[GAMEMODE][ACTIVITY] [TRACK_NAME]	[GAMEMODE][ACTIVITY] [TRACK_NAME]	[GAMEMODE][ACTIVITY] [TRACK_NAME]	[GAMEMODE][ACTIVITY] [TRACK_NAME]	[GAMEMODE][ACTIVITY] [TRACK_NAME]	[GAMEMODE][ACTIVITY] [TRACK_NAME]	[GAMEMODE][ACTIVITY] [TRACK_NAME]	[GAMEMODE][ACTIVITY] [TRACK_NAME]	[GAMEMODE][ACTIVITY] [TRACK_NAME]
Presence	Presence_Presence_STDMESSAGELEADING	Leading the race!	En tête !	È in testa alla gara!	Führt das Rennen an!	¡Va en cabeza!	Лидирует в гонке!	Na prowadzeniu!	レースをリードしています！	Liderando a corrida!	¡Va en cabeza!	En tête!	레이스 리드 중! 	正领先比赛！	正領先比賽！
Presence	Presence_Presence_DYNAMICACTIVITYPOSITION	[GAMEMODE][ACTIVITY] [POSITION]/[PARTICIPANTS]	[GAMEMODE][ACTIVITY] [POSITION]/[PARTICIPANTS]	[GAMEMODE][ACTIVITY] [POSITION]/[PARTICIPANTS]	[GAMEMODE][ACTIVITY] [POSITION]/[PARTICIPANTS]	[GAMEMODE][ACTIVITY] [POSITION]/[PARTICIPANTS]	[GAMEMODE][ACTIVITY] [POSITION]/[PARTICIPANTS]	[GAMEMODE][ACTIVITY] [POSITION]/[PARTICIPANTS]	[GAMEMODE][ACTIVITY] [POSITION]/[PARTICIPANTS]	[GAMEMODE][ACTIVITY] [POSITION]/[PARTICIPANTS]	[GAMEMODE][ACTIVITY] [POSITION]/[PARTICIPANTS]	[GAMEMODE][ACTIVITY] [POSITION]/[PARTICIPANTS]	[GAMEMODE][ACTIVITY] [POSITION]/[PARTICIPANTS]	[GAMEMODE][ACTIVITY] [POSITION]/[PARTICIPANTS]	[GAMEMODE][ACTIVITY] [POSITION]/[PARTICIPANTS]
Presence	Presence_Presence_GAMEMODEMULTIPLAYER	Multiplayer:	Multijoueur :	Multigiocatore:	Multiplayer:	Multijugador:	Мультиплеер:	Gra wieloosobowa:	マルチプレイ：	Multijogador:	Multijugador:	Multijoueur :	멀티플레이 : 	多人游戏：	多人遊戲：
Presence	Presence_Presence_GAMEMODECOMMUNITYEVENT	Community Event:	Épreuve communauté :	Evento community:	Community-Event:	Prueba de la comunidad:	Соревнование сообщества:	Wydarzenie społeczności:	コミュニティイベント：	Evento da comunidade:	Evento de la comunidad:	Épreuve communauté :	커뮤니티 이벤트 : 	社群赛事：	社群賽事：
Presence	Presence_Presence_GAMEMODETIMETRIAL	Time-Trial:	Contre-la-montre :	Prove a tempo:	Zeitfahren:	Contrarreloj:	Заезд на время:	Próba czasowa:	タイムトライアル：	Tomada de tempo:	Contrarreloj:	Contre-la-montre :	타임 트라이얼 : 	测时赛：	測時賽：
Presence	Presence_Presence_DYNAMICACTIVITYVEHICLE	[GAMEMODE][ACTIVITY] [VEHICLE_NAME]	[GAMEMODE][ACTIVITY] [VEHICLE_NAME]	[GAMEMODE][ACTIVITY] [VEHICLE_NAME]	[GAMEMODE][ACTIVITY] [VEHICLE_NAME]	[GAMEMODE][ACTIVITY] [VEHICLE_NAME]	[GAMEMODE][ACTIVITY] [VEHICLE_NAME]	[GAMEMODE][ACTIVITY] [VEHICLE_NAME]	[GAMEMODE][ACTIVITY] [VEHICLE_NAME]	[GAMEMODE][ACTIVITY] [VEHICLE_NAME]	[GAMEMODE][ACTIVITY] [VEHICLE_NAME]	[GAMEMODE][ACTIVITY] [VEHICLE_NAME]	[GAMEMODE][ACTIVITY] [VEHICLE_NAME]	[GAMEMODE][ACTIVITY] [VEHICLE_NAME]	[GAMEMODE][ACTIVITY] [VEHICLE_NAME]
Presence	Presence_Presence_ACTIVITYLOBBY	In lobby,	Dans le lobby -	Nella Sala d'attesa -	Lobby -	En la sala -	В лобби -	W Poczekalni –	ロビー：	No Lobby -	En la sala:	Dans le lobby -	로비 내, 	在大厅内，	在大廳內，
Presence	Presence_Presence_ACTIVITYDRIVINGTHE	Driving the	En course -	In gara -	Fährt	Conduciendo -	За рулем	Ściga się –	使用車：	Pilotando -	Conduciendo -	En course -	사용 중인 차량 : 	正在驾驶：	正在駕駛：
Presence	Presence_Presence_ACTIVITYLOBBYAT	In lobby at	Dans le lobby -	Nella Sala d'attesa -	Lobby -	En la sala -	В лобби -	W Poczekalni –	ロビー：	No Lobby -	En la sala:	Dans le lobby -	로비 내 : 	在大厅内：	在大廳內：
Presence	Presence_Presence_ACTIVITYRACINGAT	Racing at	En course -	In gara -	Rennen -	Compitiendo -	Гонка -	Ściga się –	コース：	Correndo -	Compitiendo -	En course -	레이스 중 : 	正在比赛：	正在比賽：
Presence	Presence_Presence_ACTIVITYRACINGIN	Racing in P	En course - P	In gara - P	Rennen - P	Compitiendo - Pos.	Гонка - П	Ściga się – poz.	順位：	Correndo - Pos.	Compitiendo - P	En course - P	레이스 중, P	正在比赛，P	正在比賽，P
Presence	Presence_Presence_ACTIVITYRACINGON	Racing on lap	En course - Tour 	In gara - Giro	Rennen - Runde	Compitiendo - Vuelta	Гонка на круге	Ściga się – okrąż.	ラップ：	Correndo - volta	Compitiendo - V	En course - Tour	레이스 중, 랩	正在比赛，圈数：	正在比賽，圈數：
Presence	Presence_Presence_ACTIVITYPRACTICE	Practising,	Essais -	Prove libere -	Training -	En práctica -	Тренировка -	Trening –	フリー走行中：	Treinando -	En práctica -	Essais -	연습 주행 중	练习中，	練習中，
Presence	Presence_Presence_ACTIVITYQUALIFYING	Qualifying,	Qualifications -	In qualifica -	Qualifying -	En clasificación -	Квалификация -	Kwalifikacje –	予選中：	Qualificando -	Clasificando -	Qualifications -	예선 중	排位赛中，	排位賽中，
Presence	Presence_Presence_STDMESSAGEINGARAGE	In the garage	Au garage	Nel garage	In der Werkstatt	En el garaje	В гараже	W garażu	ガレージ内	Na garagem	En el garaje	Au garage	차고 안	正在车库	正在車庫
Presence	Presence_Presence_STDMESSAGELEADERBOARDS	Viewing leaderboards	Regarde le classement	Consulta le classifiche	Sieht Bestenlisten an	Viendo los marcadores	Просмотр списка лидеров	Przegląda rankingi	ランキング確認中	Visualizando placares de líderes	Viendo los marcadores	Regarder le classement	랭킹 확인 중	确认排行榜中	確認排行榜中
Presence	Presence_Presence_STDMESSAGEWAITINGSTART	Waiting for race start	En attente du départ de la course	Attende l'inizio della gara	Wartet auf Rennstart	Esperando inicio de carrera	Ожидание начала гонки	Oczekuje na start	スタート待機中	Esperando o início da corrida	Esperando a que comience la carrera	En attente du départ de la course	스타트 대기 중	等待赛事开始	等待賽事開始
Presence	Presence_Presence_STDMESSAGETOTRACK	Going to the track	Passage en piste	Raggiunge il tracciato	Auf dem Weg zur Strecke	De camino al circuito	Переход на трассу	Wyjeżdża na tor	コースへ移動中	Indo para a pista	Saliendo al circuito	Passage en piste	코스로 이동 중	正在进入赛道	正在進入賽道
Presence	Presence_Presence_STDMESSAGEINMENUS	In menus	Dans les menus	Nei menu	In Menüs	En los menús	В меню	W menu	メニュー内	Nos menus	En los menús	Dans les menus	메뉴 내	正在菜单	正在選單
Presence	Presence_Presence_STDMESSAGESELECTINGTRACK	Selecting a track	Choisit un circuit	Seleziona un tracciato	Wählt Strecke aus	Eligiendo un circuito	Выбор трассы	Wybiera tor	コース選択中	Selecionando uma pista	Eligiendo un circuito	Choisit un circuit	코스 선택 중	正在选择赛道	正在選擇賽道
Presence	Presence_Presence_STDMESSAGEINPITS	In Pit lane	Dans la voie des stands	Nella corsia dei box	In Boxengasse	En la calle de boxes	На пит-лейн	W boksie	ピットレーン内	Na entrada dos boxes	En la calle de boxes	Dans la voie des stands	피트 레인 내	正在维修通道	正在維修通道
Presence	Presence_Presence_STDMESSAGEVIEWINGREPLAYS	Viewing replays	Regarde des ralentis	Guarda i replay	Sieht Wiederholungen an	Viendo repeticiones	Просмотр повторов	Ogląda powtórkę	リプレイ閲覧中	Visualizando replays	Viendo repeticiones	Regarder des ralentis	리플레이를 확인 중	正在观看重播	正在觀看重播
Presence	Presence_Presence_DYNAMICACTIVITYLAPINFO	[GAMEMODE][ACTIVITY] [LAP_NUM]/[TOTAL_LAPS]	[GAMEMODE][ACTIVITY] [LAP_NUM]/[TOTAL_LAPS]	[GAMEMODE][ACTIVITY] [LAP_NUM]/[TOTAL_LAPS]	[GAMEMODE][ACTIVITY] [LAP_NUM]/[TOTAL_LAPS]	[GAMEMODE][ACTIVITY] [LAP_NUM]/[TOTAL_LAPS]	[GAMEMODE][ACTIVITY] [LAP_NUM]/[TOTAL_LAPS]	[GAMEMODE][ACTIVITY] [LAP_NUM]/[TOTAL_LAPS]	[GAMEMODE][ACTIVITY] [LAP_NUM]/[TOTAL_LAPS]	[GAMEMODE][ACTIVITY] [LAP_NUM]/[TOTAL_LAPS]	[GAMEMODE][ACTIVITY] [LAP_NUM]/[TOTAL_LAPS]	[GAMEMODE][ACTIVITY] [LAP_NUM]/[TOTAL_LAPS]	[GAMEMODE][ACTIVITY] [LAP_NUM]/[TOTAL_LAPS]	[GAMEMODE][ACTIVITY] [LAP_NUM]/[TOTAL_LAPS]	[GAMEMODE][ACTIVITY] [LAP_NUM]/[TOTAL_LAPS]
Presence	Presence_Presence_STDMESSAGEPROFILES	Viewing driver profiles	Regarde des profils de pilotes	Guarda i profili dei piloti	Sieht Fahrerprofile an	Viendo perfiles de pilotos	Просмотр профилей пилотов	Wyświetla profil strefy kierowcy	ドライバープロフィール閲覧中	Visualizando perfis de pilotos	Viendo los perfiles de los pilotos	Regarder des profils de pilotes	드라이버 프로필 확인 중	正在阅览车手个人资料	正在閱覽車手個人資料
Presence	Presence_Presence_STDMESSAGECOMMUNITYEVENTS	Viewing community events	Regarde des épreuves de la communauté	Guarda gli eventi community	Sieht Community-Events an	Viendo pruebas de comunidad	Просмотр соревнований сообщества	Przegląda Wydarzenia społeczności	コミュニティイベント確認中	Visualizando eventos da comunidade	Viendo los eventos de la comunidad	Regarder des épreuves de la communauté	커뮤니티 이벤트 확인 중	正在查看社群赛事	正在查看社群賽事
Presence	Presence_Presence_STDMESSAGETTEVENTS	Viewing Time-Trial events	Regarde des événements de Contre-la-montre	Guarda gli eventi prove a tempo	Zeitfahren-Events ansehen	Viendo pruebas contrarreloj	Просмотр заездов на время	Wyświetla próby czasowe	タイムトライアルイベント確認中	Visualizando eventos de Tomada de tempo	Viendo pruebas contrarreloj	Regarde des événements de Contre-la-montre	타임 트라이얼 이벤트 확인 중	正在确认测时赛活动	正在確認測時賽活動
Presence	Presence_Presence_STDMESSAGEMARKETPLACE	Viewing DLC	Regarde des Extensions	Guarda i componenti aggiuntivi	Sieht Add-ons an	Viendo contenido descargable	Просмотр дополнений	Przegląda dodatki	DLC確認中	Visualizando DLC	Viendo contenido descargable	Regarder des Extensions	DLC를 확인 중	正在确认追加内容	正在確認追加內容
Presence	Presence_Presence_GAMEMODERACECENTRAL	Race Central:	Centre de courses :	Centro gare:	Rennzentrale:	Central de carreras:	Центр автоспорта:	Centrala wyścigów:	レース・セントラル：	Central da Corrida:	Central de carreras:	Centre de courses :	레이스 센트럴:	赛事中心：	賽事中心：
Presence	Presence_Presence_GAMEMODECHAMPIONSHIP	Championship:	Championnat :	Campionato:	Meisterschaft:	Campeonato:	Чемпионат:	Mistrzostwa:	選手権：	Campeonato:	Campeonato:	Championnat :	챔피언십:	锦标赛：	錦標賽：
Presence	Presence_Presence_STDMESSAGEVIEWINGCHAMPS	Browsing Matches	Parcourir les parties	Sfoglia abbinamenti	Durchsucht Matchs	Buscando partidas	Просмотр похожих игроков	Przegląda wyniki dobierania	マッチを検索中	Navegando por partidas	Buscando partidas	Parcourir les parties	매치 검색	浏览配对	瀏覽配對
Presence	Presence_Presence_STDMESASAGEDASHBOARD	On The Dashboard	Sur le tableau de bord	Sulla bacheca	In der Zentrale	En el panel	На панели карьеры	W panelu kariery	ダッシュボード	No painel	En el panel central	Sur le tableau de bord	대시보드로	在生涯统计表上	在生涯統計表上
Presence	Presence_Presence_STANDARDMESSAGENEWCHAMPIONSHIP	Editing A Setup	Modifier une configuration	Modificare un assetto	Bearbeitet ein Setup	Editando reglajes	Редактирование конфигурации	Edytuje ustawienia	セッティングを編集中	Editando uma configuração	Editando una configuración	Modifier une configuration	셋업 편집	调整设定	調整設定
Presence	Presence_Presence_LifetimeGoals	Lifetime Goals	Objectifs à long terme	Obiettivi di vita	Lebensziele	Objetivos a largo plazo	Глобальные цели	Cele życiowe	生涯目標	Objetivos de vida	Objetivos de por vida	Objectifs à long terme	생애 목표	下压力	終身目標
Presence	Presence_Presence_VeteranLicence	Veteran Licence	Licence Vétéran	Patente veterano	Veteranenlizenz	Licencia de Veterano	Лицензия ветерана	Licencja weterana	ベテラン・ライセンス	Licença Veterano	Licencia de Veterano	Licence Vétéran	베테랑 면허	传动装置	專家執照
Presence	Presence_Presence_AccoladesWon	Accolades Won	Distinctions remportées	Premi vinti	Gewonnene Auszeichnungen	Medallas ganadas	Получено достижений	Zdobyte odznaki	獲得した賞	Prêmio conquistado	Medallas ganadas	Distinctions remportées	획득한 메달	赢得荣誉	贏得榮譽
Presence	Presence_Presence_STDMESSAGEINLOBBY	In lobby	Dans le lobby	Nella Sala d'attesa	Lobby	En la sala	В лобби	W Poczekalni	ロビー	No Lobby	En la sala	Dans le lobby	로비 내	在大厅内	在大廳內
Presence	Presence_Presence_STDMESSAGEONTRACK	On track	En piste	In pista	Auf dem Kurs	En pista	На трассе	Na torze	コース上	Na pista	En pista	En piste	코스 위	在赛道上	在賽道上
Presence	Presence_Presence_STDMESSAGEIDLE	Idle	Inactif	Inattivo	Untätig	Inactivo	Hеактивный	Bezczynność	待機中	Ausente	Inactivo	Inactif	공회전 상태	闲置	閒置
Presence	Presence_Presence_GAMEMODETTotW	Time Trial of the Week	Essais chronométrés de la semaine	UNTRANSLATED (3536724439): Presence_Presence_GAMEMODETTotW	Zeitfahren der Woche	UNTRANSLATED (3536724439): Presence_Presence_GAMEMODETTotW	UNTRANSLATED (3536724439): Presence_Presence_GAMEMODETTotW	UNTRANSLATED (3536724439): Presence_Presence_GAMEMODETTotW	UNTRANSLATED (3536724439): Presence_Presence_GAMEMODETTotW	TIME TRIAL DA SEMANA	CONTRARRELOJ DE LA SEMANA	Essais chronométrés de la semaine	UNTRANSLATED (3536724439): Presence_Presence_GAMEMODETTotW	UNTRANSLATED (3536724439): Presence_Presence_GAMEMODETTotW	UNTRANSLATED (3536724439): Presence_Presence_GAMEMODETTotW
